﻿<?xml version="1.0" encoding="UTF-8" standalone="yes"?> 
<Picture> 
    <PictureVariant name="RegECS_85.png" screenDensity="bldpi"/> 
    <PictureVariant name="RegECS_100.png" screenDensity="ldpi"/> 
    <PictureVariant name="RegECS_125.png" screenDensity="aldpi"/> 
    <PictureVariant name="RegECS_150.png" screenDensity="mdpi"/> 
    <PictureVariant name="RegECS_175.png" screenDensity="amdpi"/> 
    <PictureVariant name="RegECS_200.png" screenDensity="hdpi"/> 
    <PictureVariant name="RegECS_300.png" screenDensity="xdpi"/> 
    <PictureVariant name="RegECS_400.png" screenDensity="udpi"/> 
	<PictureVariant name="20250424104508-74.svg" screenDensity="ldpi" interfaceVariant="version8_5" theme="dark" isTemplate="false"/>
	<PictureVariant name="20250424104508-75.svg" screenDensity="ldpi" interfaceVariant="version8_5" theme="light" isTemplate="false"/>
</Picture> 
