﻿<?xml version="1.0" encoding="UTF-8" standalone="yes"?>
<Picture>
	<PictureVariant name="85.gif" interfaceVariant="" screenDensity="bldpi" isTemplate="false" glyphWidth="14" glyphHeight="14"/>
	<PictureVariant name="100.gif" interfaceVariant="" screenDensity="ldpi" isTemplate="false" glyphWidth="16" glyphHeight="16"/>
	<PictureVariant name="125.gif" interfaceVariant="" screenDensity="aldpi" isTemplate="false" glyphWidth="20" glyphHeight="20"/>
	<PictureVariant name="150.gif" interfaceVariant="" screenDensity="mdpi" isTemplate="false" glyphWidth="24" glyphHeight="24"/>
	<PictureVariant name="175.gif" interfaceVariant="" screenDensity="amdpi" isTemplate="false" glyphWidth="28" glyphHeight="28"/>
	<PictureVariant name="200.gif" interfaceVariant="" screenDensity="hdpi" isTemplate="false" glyphWidth="32" glyphHeight="32"/>
	<PictureVariant name="300.gif" interfaceVariant="" screenDensity="xdpi" isTemplate="false" glyphWidth="48" glyphHeight="48"/>
	<PictureVariant name="400.gif" interfaceVariant="" screenDensity="udpi" isTemplate="false" glyphWidth="64" glyphHeight="64"/>
	<PictureVariant name="Picture.gif" interfaceVariant="version8_2" screenDensity="ldpi" isTemplate="false" glyphWidth="16" glyphHeight="16"/>
	<PictureVariant name="Picture.gif" interfaceVariant="version8_2_OrdinaryApp" screenDensity="ldpi" isTemplate="false" glyphWidth="16" glyphHeight="16"/>
	<PictureVariant name="20250424104508-64.svg" screenDensity="ldpi" interfaceVariant="version8_5" theme="" isTemplate="true"/>
</Picture>