﻿<?xml version="1.0" encoding="UTF-8" standalone="yes"?>
<Picture>
	<PictureVariant name="85.png" screenDensity="bldpi" glyphWidth="14" glyphHeight="14"/>
	<PictureVariant name="100.png" screenDensity="ldpi" glyphWidth="16" glyphHeight="16"/>
	<PictureVariant name="Picture.png" screenDensity="ldpi" interfaceVariant="version8_2" glyphWidth="16" glyphHeight="16"/>
	<PictureVariant name="l.png" screenDensity="ldpi" interfaceVariant="version8_2_OrdinaryApp" glyphWidth="16" glyphHeight="16"/>
	<PictureVariant name="20250926174309-3.svg" screenDensity="ldpi" interfaceVariant="version8_5" isTemplate="true"/>
	<PictureVariant name="125.png" screenDensity="aldpi" glyphWidth="20" glyphHeight="20"/>
	<PictureVariant name="150.png" screenDensity="mdpi" glyphWidth="24" glyphHeight="24"/>
	<PictureVariant name="175.png" screenDensity="amdpi" glyphWidth="28" glyphHeight="28"/>
	<PictureVariant name="200.png" screenDensity="hdpi" glyphWidth="32" glyphHeight="32"/>
	<PictureVariant name="300.png" screenDensity="xdpi" glyphWidth="48" glyphHeight="48"/>
	<PictureVariant name="400.png" screenDensity="udpi" glyphWidth="64" glyphHeight="64"/>
</Picture>