﻿<?xml version="1.0" encoding="UTF-8" standalone="yes"?>
<Picture>
	<PictureVariant name="85.gif" screenDensity="bldpi" glyphWidth="14" glyphHeight="14"/>
	<PictureVariant name="100.gif" screenDensity="ldpi" glyphWidth="16" glyphHeight="16"/>
	<PictureVariant name="125.gif" screenDensity="aldpi" glyphWidth="20" glyphHeight="20"/>
	<PictureVariant name="150.gif" screenDensity="mdpi" glyphWidth="24" glyphHeight="24"/>
	<PictureVariant name="175.gif" screenDensity="amdpi" glyphWidth="28" glyphHeight="28"/>
	<PictureVariant name="200.gif" screenDensity="hdpi" glyphWidth="32" glyphHeight="32"/>
	<PictureVariant name="300.gif" screenDensity="xdpi" glyphWidth="48" glyphHeight="48"/>
	<PictureVariant name="400.gif" screenDensity="udpi" glyphWidth="64" glyphHeight="64"/>
	<PictureVariant name="Picture.gif" interfaceVariant="version8_2" screenDensity="ldpi" glyphWidth="16" glyphHeight="16"/>
	<PictureVariant name="Picture.gif" interfaceVariant="version8_2_OrdinaryApp" screenDensity="ldpi" glyphWidth="16" glyphHeight="16"/>
	<PictureVariant name="20250424104508-61.svg" screenDensity="ldpi" interfaceVariant="version8_5" theme="" isTemplate="true"/>
</Picture>
