﻿<?xml version="1.0" encoding="UTF-8" standalone="yes"?>
<Picture>
	<PictureVariant name="85.png" screenDensity="bldpi"/>
	<PictureVariant name="100.png" screenDensity="ldpi"/>
	<PictureVariant name="125.png" screenDensity="aldpi"/>
	<PictureVariant name="150.png" screenDensity="mdpi"/>
	<PictureVariant name="175.png" screenDensity="amdpi"/>
	<PictureVariant name="200.png" screenDensity="hdpi"/>
	<PictureVariant name="300.png" screenDensity="xdpi"/>
	<PictureVariant name="400.png" screenDensity="udpi"/>
	<PictureVariant name="20250402113815-343.svg" screenDensity="ldpi" interfaceVariant="version8_5" theme="" isTemplate="true"/>
</Picture>
